<?xml version="1.0" encoding="UTF-8"?>
<project-private xmlns="http://www.netbeans.org/ns/project-private/1">
    <editor-bookmarks xmlns="http://www.netbeans.org/ns/editor-bookmarks/2" lastBookmarkId="0"/>
    <open-files xmlns="http://www.netbeans.org/ns/projectui-open-files/2">
        <group>
            <file>file:/H:/Doctz/doctzApp/doctzApp-war/src/java/rest/GenericResource.java</file>
            <file>file:/H:/Doctz/doctzApp/doctzApp-war/web/doctors.xhtml</file>
            <file>file:/H:/Doctz/doctzApp/doctzApp-war/src/java/cdi/searchBean.java</file>
            <file>file:/H:/Doctz/doctzApp/doctzApp-war/web/searchDoctors.xhtml</file>
            <file>file:/H:/Doctz/doctzApp/doctzApp-war/web/hospitals.xhtml</file>
            <file>file:/H:/Doctz/doctzApp/doctzApp-war/src/java/cdi/doctorBean.java</file>
            <file>file:/H:/Doctz/doctzApp/doctzApp-war/src/java/cdi/hospitalBean.java</file>
            <file>file:/H:/Doctz/doctzApp/doctzApp-war/web/index.xhtml</file>
        </group>
    </open-files>
</project-private>
